onset	duration	trial_type
0.51937	0.00000	et-record-on
0.52897	30.01370	fixation-point
1770.01467	30.00040	fixation-point
1800.52317	0.00000	et-record-off
